{
  "name": "mask",
  "title": "jQuery Mask Plugin",
  "description": "A jQuery Plugin to make masks on form fields and html elements.",
  "keywords": [
    "mask",
    "masks",
    "form",
    "input"
  ],
  "version": "1.7.6",
  "author": {
    "name": "Igor Escobar",
    "url": "https://github.com/igorescobar/jQuery-Mask-Plugin/blob/master/README.md"
  },
  "licenses": [
    {
      "type": "MIT",
      "url": "https://github.com/igorescobar/jQuery-Mask-Plugin/blob/master/jquery.mask.js"
    }
  ],
  "bugs": "https://github.com/igorescobar/jQuery-Mask-Plugin/issues",
  "homepage": "https://github.com/igorescobar/jQuery-Mask-Plugin",
  "docs": "http://igorescobar.github.com/jQuery-Mask-Plugin/",
  "dependencies": {
    "jquery": ">=1.5"
  }
}
